username,userid,accesshash,status,group,groupid,add_ready,add_by
zeng35,1725138642,-877233165886408188,online,Smart Crypyto,1179593062,0,0
zakariaalhamdani,563943881,-2543720486565602721,online,Smart Crypyto,1179593062,0,0
,1014761938,-2020634466301958806,online,Smart Crypyto,1179593062,0,0
Yipiyayaya,935019657,5910055605387208243,online,Smart Crypyto,1179593062,0,0
Zussman839,1231387020,-3679258495777672973,online,Smart Crypyto,1179593062,0,0
jzgse,511832967,8388591726119998273,online,Smart Crypyto,1179593062,0,0
andrey_xss,1197212206,8164376676230335044,online,Smart Crypyto,1179593062,0,0
alfrzee,1423080797,-1913166653323158025,online,Smart Crypyto,1179593062,0,0
laobache,1044159503,9138838978453416158,online,Smart Crypyto,1179593062,0,0
yash_rathee,1049079883,-8553385119874249806,online,Smart Crypyto,1179593062,0,0
Princekuumar1,1428656379,3192394629730527089,online,Smart Crypyto,1179593062,0,0
,1234149095,-3228285869873506086,online,Smart Crypyto,1179593062,0,0
isurayapa,1532277583,-5293793079867524454,online,Smart Crypyto,1179593062,0,0
bivek700,1683993461,34232905062742901,online,Smart Crypyto,1179593062,0,0
khrsm_fy,1296445462,6636764327329144942,online,Smart Crypyto,1179593062,0,0
ririkbocil1,1845748174,-5396097908905511580,online,Smart Crypyto,1179593062,0,0
lily_ng93,625681616,6567671565338064465,online,Smart Crypyto,1179593062,0,0
Yourfriends,959252906,4075291992212563225,online,Smart Crypyto,1179593062,0,0
neoxuye,1404079999,7014340402078825679,online,Smart Crypyto,1179593062,0,0
wfxyz,963376636,7776778899255934384,online,Smart Crypyto,1179593062,0,0
cg_sierra,1463343029,-9020684529203894622,online,Smart Crypyto,1179593062,0,0
Itsxavi000,1369858662,-2003404758328990922,online,Smart Crypyto,1179593062,0,0
xxckerman,1395656117,9076137274237026719,online,Smart Crypyto,1179593062,0,0
xromawkax,345526437,6966281234818929314,online,Smart Crypyto,1179593062,0,0
xqwesda,1392461975,6522902508574616393,online,Smart Crypyto,1179593062,0,0
Xitrum_123,407185241,4406054171941943751,online,Smart Crypyto,1179593062,0,0
wesley123443,1584610745,-4362847938985605273,online,Smart Crypyto,1179593062,0,0
Gungpram,503116274,-7490328427523767096,online,Smart Crypyto,1179593062,0,0
,884397995,3668935190383931238,online,Smart Crypyto,1179593062,0,0
ikhsan_wahyu17,1363291700,7704520533436268301,online,Smart Crypyto,1179593062,0,0
Seed_W,1059315819,-3171881402474056,online,Smart Crypyto,1179593062,0,0
Beck_0,1850333472,3426005133885175642,online,Smart Crypyto,1179593062,0,0
Psvss,637099353,-200041781286823539,online,Smart Crypyto,1179593062,0,0
WillCyan,477264982,6552417618874029226,online,Smart Crypyto,1179593062,0,0
wanessa_avilino,821117752,5051052618401086645,online,Smart Crypyto,1179593062,0,0
clone20212905,470859377,-1100069664756253271,online,Smart Crypyto,1179593062,0,0
Windfield2608,535772654,4925830733034589375,online,Smart Crypyto,1179593062,0,0
Vane2266,248434947,-7986305412782223171,online,Smart Crypyto,1179593062,0,0
vic_ck,344295029,4351773802431503603,online,Smart Crypyto,1179593062,0,0
vyn0911,1258614413,-9156544308114802804,online,Smart Crypyto,1179593062,0,0
,1267840240,-1521443694708530340,online,Smart Crypyto,1179593062,0,0
Va_riz,675810292,-1857077302839922422,online,Smart Crypyto,1179593062,0,0
VuDuong90,1267283027,8378199112995424096,online,Smart Crypyto,1179593062,0,0
v_e_r_ma,1270499563,-2524166860772986903,online,Smart Crypyto,1179593062,0,0
vankinfx,1228063580,7934441007150844442,online,Smart Crypyto,1179593062,0,0
varun3232,709040341,-5566962784750678435,online,Smart Crypyto,1179593062,0,0
TM4953,861159185,7690775819911745837,online,Smart Crypyto,1179593062,0,0
Aan013,1725746551,6288878452793054874,online,Smart Crypyto,1179593062,0,0
Alfayimamk,1278741254,1977845229922771471,online,Smart Crypyto,1179593062,0,0
Uvnonu,514300570,-764769002590080473,online,Smart Crypyto,1179593062,0,0
uzan_jelly,1637802012,-472852554816780741,online,Smart Crypyto,1179593062,0,0
U7033,1820562613,-7663902343632845736,online,Smart Crypyto,1179593062,0,0
mas_udik,1190735778,2423731909458938681,online,Smart Crypyto,1179593062,0,0
Uthso119464,1438221029,6419189190857698691,online,Smart Crypyto,1179593062,0,0
Khalil786122,1806730462,5828426334549558533,online,Smart Crypyto,1179593062,0,0
ulasselimler,633449718,5820189824647083118,online,Smart Crypyto,1179593062,0,0
EccedentesiastVIII,1202799459,-229245651792588543,online,Smart Crypyto,1179593062,0,0
tumtumgtg,1476739402,-1974022020713704500,online,Smart Crypyto,1179593062,0,0
Tharindudesh43,1054531026,-4200102984802072809,online,Smart Crypyto,1179593062,0,0
prokritiahmed,1608891309,8986075004309490748,online,Smart Crypyto,1179593062,0,0
TheJokerFanBoy,859080413,2661784539008884241,online,Smart Crypyto,1179593062,0,0
tontonackerman,1436716497,2496586267481247020,online,Smart Crypyto,1179593062,0,0
technowolf36,616332609,-7574915939168207854,online,Smart Crypyto,1179593062,0,0
TraderUSA,1656358496,-6730327827578673751,online,Smart Crypyto,1179593062,0,0
Teerrmm,278178171,-1818087572288239585,online,Smart Crypyto,1179593062,0,0
TigerLinkan,833462563,-4316981276870416410,online,Smart Crypyto,1179593062,0,0
mono_tony,873099565,-4303133581161671547,online,Smart Crypyto,1179593062,0,0
,896230937,-7026140214946471948,online,Smart Crypyto,1179593062,0,0
tht89hn,650813132,37120975169566258,online,Smart Crypyto,1179593062,0,0
hasagi579,1011752565,7433691835826598522,online,Smart Crypyto,1179593062,0,0
hoangthachkt315,237466247,-8955603294420451437,online,Smart Crypyto,1179593062,0,0
Tryyen,971466247,-7403971343085108672,online,Smart Crypyto,1179593062,0,0
TracyLeparulo,377479685,6076393450224374524,online,Smart Crypyto,1179593062,0,0
aleyoung,778258711,-950424648575662773,online,Smart Crypyto,1179593062,0,0
NVH93,452233430,6594800324832391596,online,Smart Crypyto,1179593062,0,0
thanhlala,539984096,4069758378152600691,online,Smart Crypyto,1179593062,0,0
tobimia,465005532,5654014952645116695,online,Smart Crypyto,1179593062,0,0
tsangwm,383130401,-5178035677189395747,online,Smart Crypyto,1179593062,0,0
bkshastry,1428289608,-1083065141347604861,online,Smart Crypyto,1179593062,0,0
gani1527,668851751,-1599938303528482613,online,Smart Crypyto,1179593062,0,0
Hossain320,1189813649,8584674500844995811,online,Smart Crypyto,1179593062,0,0
Hitesh7897,803923718,-5484001557717289193,online,Smart Crypyto,1179593062,0,0
saifulhasan52,1924102819,7108958717037549209,online,Smart Crypyto,1179593062,0,0
avos1,1946686145,-1923162308938917886,online,Smart Crypyto,1179593062,0,0
samxel,1146761852,-4881783348584107942,online,Smart Crypyto,1179593062,0,0
Syedtanjil88,1866097601,2655336136249708498,online,Smart Crypyto,1179593062,0,0
aconghandsome,1296975665,-213424185889568216,online,Smart Crypyto,1179593062,0,0
bshk3,1907345691,6305989347730339466,online,Smart Crypyto,1179593062,0,0
Apeofspades,1857279461,-9024481802414800625,online,Smart Crypyto,1179593062,0,0
lokeshsainiii,1245207163,1934774370555690523,online,Smart Crypyto,1179593062,0,0
Mariopaul,574555926,3529098917118176567,online,Smart Crypyto,1179593062,0,0
nielo002,1639596532,5653447653113359518,online,Smart Crypyto,1179593062,0,0
Siiwanngk,938600714,1199432990826874652,online,Smart Crypyto,1179593062,0,0
shihaz_op,1933885654,-3503622983063632141,online,Smart Crypyto,1179593062,0,0
randiistme2100,1776556248,4823706416570729239,online,Smart Crypyto,1179593062,0,0
daygorywh,390407700,-8457013983829812217,online,Smart Crypyto,1179593062,0,0
Samir6609,1545592616,1300958661581989527,online,Smart Crypyto,1179593062,0,0
Sshhiivvamm,1069291090,-6801357481849413323,online,Smart Crypyto,1179593062,0,0
Genuinesai,1868312681,7357912309106134858,online,Smart Crypyto,1179593062,0,0
serhii_hulenko,29043380,-3847903714060297157,online,Smart Crypyto,1179593062,0,0
sinkaf07,1150885365,7255493072233764253,online,Smart Crypyto,1179593062,0,0
oldieroffortune,733292518,5301492164954729558,online,Smart Crypyto,1179593062,0,0
PrinceDSL,1728447281,-3124460535571161090,online,Smart Crypyto,1179593062,0,0
LeSaint_speedy,1185739779,-5800727690067738794,online,Smart Crypyto,1179593062,0,0
shishglavny,395091753,-8879582854936292806,online,Smart Crypyto,1179593062,0,0
Sahilbogawat,831571379,-9192676115240052029,online,Smart Crypyto,1179593062,0,0
swapnilChaitanya,1008610381,3469452908745420316,online,Smart Crypyto,1179593062,0,0
SAGE3,663440583,-8590732052392018701,online,Smart Crypyto,1179593062,0,0
satoshiziavi,534756222,-5795370359946022977,online,Smart Crypyto,1179593062,0,0
Rahul111222,1114374796,6210345438771711098,online,Smart Crypyto,1179593062,0,0
iAmJuanHari,1167003079,-2013916796649898755,online,Smart Crypyto,1179593062,0,0
bluabaleno,315466190,5765599003185036695,online,Smart Crypyto,1179593062,0,0
r_dhiman09,1051025945,5551293047724099842,online,Smart Crypyto,1179593062,0,0
AntlinRobyJr,642829801,-1664691035060646187,online,Smart Crypyto,1179593062,0,0
Rebllion3,1602732914,-7126336731886953942,online,Smart Crypyto,1179593062,0,0
mustofahariri,1944810659,5306841699534162509,online,Smart Crypyto,1179593062,0,0
Joeinoue12,1356074030,-4892223179871351076,online,Smart Crypyto,1179593062,0,0
rezouches,1392398521,2861870306818117719,online,Smart Crypyto,1179593062,0,0
rangga1987,625958639,5728469388512007774,online,Smart Crypyto,1179593062,0,0
rakibmudassir,1791029925,3240260453285028002,online,Smart Crypyto,1179593062,0,0
latifa_hanum,1885748097,-3979975597807393768,online,Smart Crypyto,1179593062,0,0
Arr24,1212189283,-1788651149125294116,online,Smart Crypyto,1179593062,0,0
rk000666,1329658430,-3524788382073268205,online,Smart Crypyto,1179593062,0,0
RISHI250103,1375381215,7314087344521028625,online,Smart Crypyto,1179593062,0,0
Devarras,1097688704,8276105967296058959,online,Smart Crypyto,1179593062,0,0
Jesukas,1693090843,-4007866159133254600,online,Smart Crypyto,1179593062,0,0
buddyburru,668439459,4172553969637414027,online,Smart Crypyto,1179593062,0,0
rakib257,1770625152,7758676815316445873,online,Smart Crypyto,1179593062,0,0
rakovu,1888848758,6396331129938093661,online,Smart Crypyto,1179593062,0,0
RavishArya,837768477,-2491703213795323957,online,Smart Crypyto,1179593062,0,0
Qunbarali,1180294251,2428021847136462308,online,Smart Crypyto,1179593062,0,0
qwerty12345555,1645301562,-2687563757461099657,online,Smart Crypyto,1179593062,0,0
qqimzhenya,575165541,-1975738871582304018,online,Smart Crypyto,1179593062,0,0
David300984,1000630997,6247033300252330827,online,Smart Crypyto,1179593062,0,0
qc_dgb,1694914737,-2830641797241274368,online,Smart Crypyto,1179593062,0,0
qu33n_amy,1202806854,7078635246058115901,online,Smart Crypyto,1179593062,0,0
,1133374686,5171278293728669594,online,Smart Crypyto,1179593062,0,0
Melika_qqq,1191531458,-3569143829474987650,online,Smart Crypyto,1179593062,0,0
queen_mobiw,1373711686,3962290540892656421,online,Smart Crypyto,1179593062,0,0
Manas4892,656747860,-778832557127949086,online,Smart Crypyto,1179593062,0,0
piller6,994290655,6087911392530769770,online,Smart Crypyto,1179593062,0,0
pipicong,1503414220,3705238378063800691,online,Smart Crypyto,1179593062,0,0
Olie22,1848870685,6791751292602423694,online,Smart Crypyto,1179593062,0,0
Akshayp2002,1115187614,5962228389554409170,online,Smart Crypyto,1179593062,0,0
Bharadwaj8227,789331721,5844564681360942100,online,Smart Crypyto,1179593062,0,0
Niks_Patel21,1221078328,3695200102333281785,online,Smart Crypyto,1179593062,0,0
pitlord059,1025141220,-6108430547001231681,online,Smart Crypyto,1179593062,0,0
petruxanax,280762869,-7581761319189143112,online,Smart Crypyto,1179593062,0,0
pozzy21,348684104,1989617744705960394,online,Smart Crypyto,1179593062,0,0
d1marzio,522521782,-8346097888703812218,online,Smart Crypyto,1179593062,0,0
Phanta1,1294743138,7636356040017233852,online,Smart Crypyto,1179593062,0,0
paho202,370945117,8929724827427646595,online,Smart Crypyto,1179593062,0,0
hvphongtv,388746906,-592188754121737953,online,Smart Crypyto,1179593062,0,0
KingJems,1328505607,-6770950676487641628,online,Smart Crypyto,1179593062,0,0
ohdearfaza,1173278015,-5005572684901291684,online,Smart Crypyto,1179593062,0,0
oAuguz,662865756,-2309882188240390444,online,Smart Crypyto,1179593062,0,0
nukejelek,1664506961,6986905327931576510,online,Smart Crypyto,1179593062,0,0
nshareq,477194902,-8164637379300580976,online,Smart Crypyto,1179593062,0,0
noumadic,909603144,6086394582401817804,online,Smart Crypyto,1179593062,0,0
numberone87,1497455455,1750295993658231096,online,Smart Crypyto,1179593062,0,0
nonin2212,1686141400,-3324217180629223602,online,Smart Crypyto,1179593062,0,0
nicodarmawan,539825178,4870398922045026048,online,Smart Crypyto,1179593062,0,0
Ajiboye_de_newmaster,843951285,8064870833844384696,online,Smart Crypyto,1179593062,0,0
Niloy0002,1331073846,1676249831490713013,online,Smart Crypyto,1179593062,0,0
Nishantplays,1924779595,6281917662057955493,online,Smart Crypyto,1179593062,0,0
dionovalino,1274214231,-274882974420373992,online,Smart Crypyto,1179593062,0,0
adothcb,1336156414,4671493239905086532,online,Smart Crypyto,1179593062,0,0
Noyon93,1809121627,-7126271627565217955,online,Smart Crypyto,1179593062,0,0
naol2505,1162453028,-4157035316080962524,online,Smart Crypyto,1179593062,0,0
mabdullahnaeem,1722387616,4081904363921743754,online,Smart Crypyto,1179593062,0,0
halubruhitsme,1089917569,8203273796251444419,online,Smart Crypyto,1179593062,0,0
Fix5N,1263854494,4377861535577795056,online,Smart Crypyto,1179593062,0,0
ngolamussassa,747053416,482418269161751999,online,Smart Crypyto,1179593062,0,0
naufalprtm,1554571893,-2540134140881663342,online,Smart Crypyto,1179593062,0,0
nanso432,395263826,-2904465979626410901,online,Smart Crypyto,1179593062,0,0
B162Niloy,1774518716,-7430778980540602842,online,Smart Crypyto,1179593062,0,0
Nautankiii,987786638,-8938127520493299168,online,Smart Crypyto,1179593062,0,0
mendyjap1,638050907,563380099457858300,online,Smart Crypyto,1179593062,0,0
chuoii,642578266,1468554261738479794,online,Smart Crypyto,1179593062,0,0
audium123,692107667,2076536798486109980,online,Smart Crypyto,1179593062,0,0
Boboka575775,933588898,5262405187463481928,online,Smart Crypyto,1179593062,0,0
canhdinh16891,457487199,-327419088994308059,online,Smart Crypyto,1179593062,0,0
martingborth,1266684600,-4575074653158587204,online,Smart Crypyto,1179593062,0,0
moodbooster9,1011520642,8384282849930923236,online,Smart Crypyto,1179593062,0,0
Kaviya_Mb,1243336706,1043211655663926056,online,Smart Crypyto,1179593062,0,0
lefleurs,1231168789,8899130652178168206,online,Smart Crypyto,1179593062,0,0
maniy07,1316304928,7570639659451894909,online,Smart Crypyto,1179593062,0,0
miiiinnnna,97302241,-2778022921954040380,online,Smart Crypyto,1179593062,0,0
ahmedmukhtarqadri,486424989,-1152937864765844748,online,Smart Crypyto,1179593062,0,0
mithel1,1812045617,8291454896011568928,online,Smart Crypyto,1179593062,0,0
LuisMontes987,752600889,-4962465222566894262,online,Smart Crypyto,1179593062,0,0
MaximChupa,728619631,-2194124044305015091,online,Smart Crypyto,1179593062,0,0
DeniDoqa,469415735,-7205887983029111734,online,Smart Crypyto,1179593062,0,0
,1806108727,1924343028973862390,online,Smart Crypyto,1179593062,0,0
LokiBsc12,964135413,2828723217020124494,online,Smart Crypyto,1179593062,0,0
lutfi_g,390250378,-6867831781336118200,online,Smart Crypyto,1179593062,0,0
Awee7,983424871,-3449934157785668063,online,Smart Crypyto,1179593062,0,0
Cryptopower09,1956665057,7664226824049694914,online,Smart Crypyto,1179593062,0,0
Anesliestya,1003218786,-2519238065487212042,online,Smart Crypyto,1179593062,0,0
lordchisak,1048878380,2710571014267133734,online,Smart Crypyto,1179593062,0,0
luca_fatony,241323783,4373757682254173471,online,Smart Crypyto,1179593062,0,0
linarinyut,1860522523,4376934528752672140,online,Smart Crypyto,1179593062,0,0
LoveBinance,1187241680,4463068708462582301,online,Smart Crypyto,1179593062,0,0
gaginlendez,726884402,1559667295991212728,online,Smart Crypyto,1179593062,0,0
Longtutr,1855900294,-6395616732524202700,online,Smart Crypyto,1179593062,0,0
,1941086642,-1233377982974199714,online,Smart Crypyto,1179593062,0,0
Lucifer9797,870504485,3230236812186282150,online,Smart Crypyto,1179593062,0,0
KhoiLuong,432093840,-4143794405000950222,online,Smart Crypyto,1179593062,0,0
Bibek04,1699534600,-6096596759186936422,online,Smart Crypyto,1179593062,0,0
f_kholum,1852898714,-4608040983726027606,online,Smart Crypyto,1179593062,0,0
komado41,1043356294,-8546148556315002974,online,Smart Crypyto,1179593062,0,0
,870150396,-7196603431637031976,online,Smart Crypyto,1179593062,0,0
asish89,1297045366,8611640575229355718,online,Smart Crypyto,1179593062,0,0
duckypemberaniyowani,1297944384,5224827721035863667,online,Smart Crypyto,1179593062,0,0
KaveeThilina,1724003974,4481651656570767488,online,Smart Crypyto,1179593062,0,0
itsadarsh1,1084264702,-5295414696737142411,online,Smart Crypyto,1179593062,0,0
Koronella,477458194,1144956069415209770,online,Smart Crypyto,1179593062,0,0
kaisergold,497241843,1815007484806716479,online,Smart Crypyto,1179593062,0,0
jokowahyuri,677558667,8531801021569251267,online,Smart Crypyto,1179593062,0,0
Ghazzur,1497305746,1751037547069799564,online,Smart Crypyto,1179593062,0,0
justariiq,1869791048,3124236376651019475,online,Smart Crypyto,1179593062,0,0
joydxofficial,1266558293,4546105912173535748,online,Smart Crypyto,1179593062,0,0
Ishant1212,1298754766,-4453604134179810589,online,Smart Crypyto,1179593062,0,0
Enaya32,1520503742,-3476837806591282634,online,Smart Crypyto,1179593062,0,0
ironsdf,411936640,1127310093381016197,online,Smart Crypyto,1179593062,0,0
Ibnuaffann,747934929,-2559154436164504491,online,Smart Crypyto,1179593062,0,0
Iqbalamasia,912595951,-7084945607000964981,online,Smart Crypyto,1179593062,0,0
iam499,1212855321,-1406875298861893063,online,Smart Crypyto,1179593062,0,0
iiravi,1905672697,-552595486736169037,online,Smart Crypyto,1179593062,0,0
HunterBoss08,1895497177,-887585327550935443,online,Smart Crypyto,1179593062,0,0
intetsu1,550714024,-2328907542993268063,online,Smart Crypyto,1179593062,0,0
Dheaari_Chann,1794665724,-5871867658430042024,online,Smart Crypyto,1179593062,0,0
HilmanZy,1248531063,5295192773721755165,online,Smart Crypyto,1179593062,0,0
Hendry1307,1759382758,-1520366742227292719,online,Smart Crypyto,1179593062,0,0
apurbo970,1197474625,4926693149504971458,online,Smart Crypyto,1179593062,0,0
Helena106,1811899568,6408425892412475622,online,Smart Crypyto,1179593062,0,0
Humblechillguy,1389020571,-1906580610624356904,online,Smart Crypyto,1179593062,0,0
henn_essy,336274228,1579839798735359611,online,Smart Crypyto,1179593062,0,0
HolyOMON,693035288,-1563411535381382602,online,Smart Crypyto,1179593062,0,0
hueman_edits,1965626252,-4809932809825845632,online,Smart Crypyto,1179593062,0,0
hdecosta,438930490,-7748448264966362195,online,Smart Crypyto,1179593062,0,0
,934505120,-4593739964321587519,online,Smart Crypyto,1179593062,0,0
g5887,1290343744,-4462974697868656932,online,Smart Crypyto,1179593062,0,0
ClintonGonsalves,1403729971,1171106639855438716,online,Smart Crypyto,1179593062,0,0
Akahabvvs,1646868812,5056867440585039228,online,Smart Crypyto,1179593062,0,0
andgame90,741359814,3658341085828697801,online,Smart Crypyto,1179593062,0,0
g1xus,782779185,-231769107590290439,online,Smart Crypyto,1179593062,0,0
elislisi,685955047,3346920568892628979,online,Smart Crypyto,1179593062,0,0
fikraz,476756368,-7399404213983959920,online,Smart Crypyto,1179593062,0,0
f0r3sst,877400503,-5261087515497092161,online,Smart Crypyto,1179593062,0,0
Bsc_exchanger,1517597380,-7039805936427828398,online,Smart Crypyto,1179593062,0,0
,1714034154,8572055712995895761,online,Smart Crypyto,1179593062,0,0
esdrasrc,1007166621,1179984856161784080,online,Smart Crypyto,1179593062,0,0
eXoMorra,514728511,-1879593135527726065,online,Smart Crypyto,1179593062,0,0
dp230193tko,443910156,3678618707847545847,online,Smart Crypyto,1179593062,0,0
deim0ss,649239881,-8109883650090059908,online,Smart Crypyto,1179593062,0,0
DickensE,1026590469,2794222613179068636,online,Smart Crypyto,1179593062,0,0
cruz360,1328156605,-9106328997410672459,online,Smart Crypyto,1179593062,0,0
C_CC_CCC_CCCC_CCCCC,1076657076,3620108879750070638,online,Smart Crypyto,1179593062,0,0
bohencito,811575148,-7750168434000902411,online,Smart Crypyto,1179593062,0,0
Cryptoupmaker,1263810541,1779576887800781095,online,Smart Crypyto,1179593062,0,0
,492368467,-7428922125484598068,online,Smart Crypyto,1179593062,0,0
C2773M,615254397,-4133156661604555080,online,Smart Crypyto,1179593062,0,0
Bilal88888,1134689024,-4754476034507335781,online,Smart Crypyto,1179593062,0,0
,372421894,-3242324037502527921,online,Smart Crypyto,1179593062,0,0
arifbudi,431200502,-597682816444535922,online,Smart Crypyto,1179593062,0,0
,1185856888,-4501067730659740844,online,Smart Crypyto,1179593062,0,0
BlackJAck1989,490230674,-407262107431511564,online,Smart Crypyto,1179593062,0,0
aaftsk,796311190,4790544594060927526,online,Smart Crypyto,1179593062,0,0
,1128299263,-4326485427671885397,online,Smart Crypyto,1179593062,0,0
aqib00,1891465021,3887493916570887342,online,Smart Crypyto,1179593062,0,0
